{"coco/bbox_mAP": 0.34, "coco/bbox_mAP_50": 0.664, "coco/bbox_mAP_75": 0.306, "coco/bbox_mAP_s": 0.102, "coco/bbox_mAP_m": 0.418, "coco/bbox_mAP_l": 0.423, "data_time": 0.0016066981900122858, "time": 0.034165460832657354}